<?xml version='1.0' encoding='utf-8' ?>
<Pages xmlns='http://schemas.microsoft.com/office/visio/2012/main' xmlns:r='http://schemas.openxmlformats.org/officeDocument/2006/relationships' xml:space='preserve'><Page ID='0' NameU='Page-1' Name='Page-1' ViewScale='-1' ViewCenterX='0' ViewCenterY='0'><PageSheet LineStyle='0' FillStyle='0' TextStyle='0'><Cell N='PageWidth' V='8.5'/><Cell N='PageHeight' V='11'/><Cell N='ShdwOffsetX' V='0.125'/><Cell N='ShdwOffsetY' V='-0.125'/><Cell N='PageScale' V='1' U='IN_F'/><Cell N='DrawingScale' V='1' U='IN_F'/><Cell N='DrawingSizeType' V='0'/><Cell N='DrawingScaleType' V='0'/><Cell N='InhibitSnap' V='0'/><Cell N='PageLockReplace' V='0' U='BOOL'/><Cell N='PageLockDuplicate' V='0' U='BOOL'/><Cell N='UIVisibility' V='0'/><Cell N='ShdwType' V='0'/><Cell N='ShdwObliqueAngle' V='0'/><Cell N='ShdwScaleFactor' V='1'/><Cell N='DrawingResizeType' V='1'/><Cell N='PageShapeSplit' V='1'/></PageSheet></Page></Pages>